{"description": "Structural and Cohesion Funds are financial tools set up to implement the regional policy of the European Union. They aim to reduce regional disparities in income wealth and opportunities. The overall budget for the 2007-2013 period was \u20ac347 billion according to Wikipedia. This repository is a data pipeline. It channels information about the beneficiaries of the funds into the Open-Spending datastore. The goal is to provide a unified dataset that is easy to visualize and query so that citizens and journalists can follow the money on a local and global scale. This project is a collaborative effort between Open-Knowledge Germany Open-Knowledge International and a number of journalists and developers.\n", "model": {"dimensions": {"geo-source": {"primaryKey": ["beneficiary_postal_code", "beneficiary_address"], "attributes": {"beneficiary_address": {"source": "beneficiary_address", "title": "Address"}, "beneficiary_postal_code": {"source": "beneficiary_postal_code", "title": "Postal code"}}, "dimensionType": "location"}, "date": {"primaryKey": ["starting_date", "completion_date", "approval_date", "first_payment_date", "final_payment_date"], "attributes": {"final_payment_date": {"source": "final_payment_date", "title": "Date of the final payment"}, "first_payment_date": {"source": "first_payment_date", "title": "Date of the first payment"}, "approval_date": {"source": "approval_date", "title": "Approval date of the project"}, "starting_date": {"source": "starting_date", "title": "Starting date of the project"}, "completion_date": {"source": "completion_date", "title": "Completion date of the project"}}, "dimensionType": "datetime"}, "recipient": {"primaryKey": ["beneficiary_id"], "attributes": {"beneficiary_name": {"source": "beneficiary_name", "labelfor": "beneficiary_id", "title": "Beneficiary ID"}, "beneficiary_id": {"source": "beneficiary_id", "title": "Beneficiary ID"}}, "dimensionType": "entity"}, "fin-source": {"primaryKey": ["fund_acronym"], "attributes": {"fund_acronym": {"source": "fund_acronym", "title": "Fund"}, "fund_name": {"source": "fund_name", "labelfor": "fund_acronym", "title": "Fund name"}}, "dimensionType": "other"}, "functional-classification": {"primaryKey": ["theme_code"], "dimensionType": "classification", "classificationType": "functional", "attributes": {"theme_code": {"source": "theme_code", "title": "Thematic objective"}, "theme_name": {"source": "theme_name", "labelfor": "theme_code", "title": "Thematic objective"}}}, "administrative-classification": {"primaryKey": ["beneficiary_country_code", "beneficiary_nuts_code", "beneficiary_city"], "dimensionType": "classification", "classificationType": "administrative", "attributes": {"beneficiary_country_code": {"source": "beneficiary_country_code", "title": "Country code"}, "beneficiary_nuts_code": {"source": "beneficiary_nuts_code", "title": "NUTS code"}, "beneficiary_city": {"source": "beneficiary_city", "parent": "beneficiary_nuts_code", "title": "City"}, "beneficiary_country": {"source": "beneficiary_country", "labelfor": "beneficiary_country_code", "title": "Country"}, "beneficiary_nuts_region": {"source": "beneficiary_nuts_region", "labelfor": "beneficiary_nuts_code", "parent": "beneficiary_country_code", "title": "NUTS region"}}}, "activity": {"primaryKey": ["funding_period_number", "cci_program_code", "project_id"], "attributes": {"funding_period": {"source": "funding_period", "labelfor": "funding_period_number", "title": "Funding period"}, "project_name": {"source": "project_name", "labelfor": "project_id", "title": "Project name"}, "cci_program_code": {"source": "cci_program_code", "parent": "funding_period_number", "title": "CCI code"}, "project_id": {"source": "project_id", "parent": "cci_program_code", "title": "Project ID"}, "cci_program_title": {"source": "cci_program_title", "labelfor": "cci_program_code", "title": "Operational program"}, "funding_period_number": {"source": "funding_period_number", "title": "Funding period number"}}, "dimensionType": "activity"}}, "measures": {"total_amount_applied": {"direction": "expenditure", "phase": "proposed", "source": "total_amount_applied", "title": "Total amount the project applied for", "currency": "EUR"}, "eu_cofinancing_amount": {"direction": "expenditure", "phase": "executed", "source": "eu_cofinancing_amount", "title": "EU co-financing", "currency": "EUR"}, "total_amount_eligible": {"direction": "expenditure", "phase": "approved", "source": "total_amount_eligible", "title": "Total eligible expenditure", "currency": "EUR"}, "third_party_amount": {"direction": "expenditure", "phase": "executed", "source": "third_party_amount", "title": "Third party funding", "currency": "EUR"}, "total_amount": {"direction": "expenditure", "phase": "executed", "source": "total_amount", "title": "Total cost of the project", "currency": "EUR"}, "member_state_amount": {"direction": "expenditure", "phase": "executed", "source": "member_state_amount", "title": "Amount of national and regional funding", "currency": "EUR"}, "european_investment_bank_amount": {"direction": "expenditure", "phase": "executed", "source": "european_investment_bank_amount", "title": "European Investment Bank financing", "currency": "EUR"}}}, "resources": [{"mediatype": "text/csv", "path": "data.csv", "name": "concatenated-csv-data-file-all-years-all-countries", "schema": {"fields": [{"conceptType": "activity", "name": "funding_period_number", "description": "First, second or third funding period.", "type": "string", "osType": "activity:generic:program:code", "format": "default", "title": "Funding period number", "slug": "funding_period_number"}, {"conceptType": "activity", "name": "funding_period", "description": "One of three official funding period e.g. 2007-2013", "type": "string", "osType": "activity:generic:program:label", "format": "default", "title": "Funding period", "slug": "funding_period"}, {"conceptType": "activity", "name": "cci_program_code", "description": "CCI codes (e.g. 2014BG05M2OP001) identify operational programs (see codelist).", "type": "string", "osType": "activity:generic:project:code", "format": "default", "title": "CCI code", "slug": "cci_program_code"}, {"conceptType": "activity", "name": "cci_program_title", "description": "The operational program matching the CCI code (see codelist)", "type": "string", "osType": "activity:generic:project:label", "format": "default", "title": "Operational program", "slug": "cci_program_title"}, {"conceptType": "activity", "name": "project_id", "description": "Unique code of the project (generated if not", "type": "string", "osType": "activity:generic:subproject:code", "format": "default", "title": "Project ID", "slug": "project_id"}, {"conceptType": "activity", "name": "project_name", "description": "Name or short description of the project", "type": "string", "osType": "activity:generic:subproject:label", "format": "default", "title": "Project name", "slug": "project_name"}, {"conceptType": "recipient", "name": "beneficiary_id", "description": "The unique ID of the beneficiary", "type": "string", "osType": "recipient:generic:id", "format": "default", "title": "Beneficiary ID", "slug": "beneficiary_id"}, {"conceptType": "recipient", "name": "beneficiary_name", "description": "Name of the beneficiary (person, company, organisation)", "type": "string", "osType": "recipient:generic:name", "format": "default", "title": "Beneficiary name", "slug": "beneficiary_name"}, {"conceptType": "geo-source", "name": "beneficiary_postal_code", "description": "The postal code of the beneficiary", "type": "string", "osType": "geo-source:target:code", "format": "default", "title": "Postal code", "slug": "beneficiary_postal_code"}, {"conceptType": "geo-source", "name": "beneficiary_address", "description": "Full address of the beneficiary to be geocoded", "type": "string", "osType": "geo-source:generic:title", "format": "default", "title": "Address", "slug": "beneficiary_address"}, {"conceptType": "administrative-classification", "name": "beneficiary_country_code", "description": "Two digit ISO-3166 country code of the beneficiary", "type": "string", "osType": "administrative-classification:generic:level1:code:full", "format": "default", "title": "Country code", "slug": "beneficiary_country_code"}, {"conceptType": "administrative-classification", "name": "beneficiary_country", "description": "The country of the beneficiary", "type": "string", "osType": "administrative-classification:generic:level1:label", "format": "default", "title": "Country", "slug": "beneficiary_country"}, {"conceptType": "administrative-classification", "name": "beneficiary_nuts_code", "description": "NUTS code of the beneficiary region", "type": "string", "osType": "administrative-classification:generic:level2:code:full", "format": "default", "title": "NUTS code", "slug": "beneficiary_nuts_code"}, {"conceptType": "administrative-classification", "name": "beneficiary_nuts_region", "description": "The region matching the NUTS code", "type": "string", "osType": "administrative-classification:generic:level2:label", "format": "default", "title": "NUTS region", "slug": "beneficiary_nuts_region"}, {"conceptType": "administrative-classification", "name": "beneficiary_city", "description": "The city of the beneficiary", "type": "string", "osType": "administrative-classification:generic:level3:code:full", "format": "default", "title": "City", "slug": "beneficiary_city"}, {"conceptType": "fin-source", "name": "fund_acronym", "description": "Acronym of the fund (see codelist)", "type": "string", "osType": "fin-source:generic:code", "format": "default", "title": "Fund", "slug": "fund_acronym"}, {"conceptType": "fin-source", "name": "fund_name", "description": "Full name of the fund (see codelist)", "type": "string", "osType": "fin-source:generic:label", "format": "default", "title": "Fund name", "slug": "fund_name"}, {"conceptType": "functional-classification", "name": "theme_code", "description": "Code of the thematic objective (see codelist)", "type": "string", "osType": "functional-classification:generic:code", "format": "default", "title": "Thematic objective code", "slug": "theme_code"}, {"conceptType": "functional-classification", "name": "theme_name", "description": "Display name of the thematic objective (see codelist)", "type": "string", "osType": "functional-classification:generic:label", "format": "default", "title": "Thematic objective", "slug": "theme_name"}, {"conceptType": "functional-classification", "name": "priority_number", "description": "Priority number of the grant agreement (see codelist)", "type": "string", "osType": "functional-classification:generic:code", "format": "default", "title": "Priority number", "slug": "priority_number"}, {"conceptType": "expenditure-type", "name": "priority_label", "description": "Description of the priority number of the grant agreement (see codelist)", "type": "string", "osType": "expenditure-type:code", "format": "default", "title": "Priority", "slug": "priority_label"}, {"conceptType": "date", "name": "starting_date", "description": "Starting date of the project", "type": "date", "osType": "date:generic", "format": "default", "title": "Starting date of the project", "slug": "starting_date"}, {"conceptType": "date", "name": "completion_date", "description": "Completion date of the project", "type": "date", "osType": "date:generic", "format": "default", "title": "Completion date of the project", "slug": "completion_date"}, {"conceptType": "date", "name": "approval_date", "description": "Date that the project is approved", "type": "date", "osType": "date:generic", "format": "default", "title": "Approval date of the project", "slug": "approval_date"}, {"conceptType": "date", "name": "first_payment_date", "description": "The data at which the first payment was made (pre-financing)", "type": "date", "osType": "date:generic", "format": "default", "title": "Date of the first payment", "slug": "first_payment_date"}, {"conceptType": "date", "name": "final_payment_date", "description": "The date on which the final payment was made", "type": "date", "osType": "date:generic", "format": "default", "title": "Date of the final payment", "slug": "final_payment_date"}, {"osType": "value", "name": "total_amount", "description": "Total cost of project", "type": "number", "conceptType": "value", "format": "default", "decimalChar": ".", "title": "Total cost of the project", "slug": "total_amount"}, {"osType": "value", "name": "total_amount_applied", "description": "Total amount that project applied for", "type": "number", "conceptType": "value", "format": "default", "decimalChar": ".", "title": "Total amount the project applied for", "slug": "total_amount_applied"}, {"osType": "value", "name": "total_amount_eligible", "description": "Total eligible expenditure", "type": "number", "conceptType": "value", "format": "default", "decimalChar": ".", "title": "Total eligible expenditure", "slug": "total_amount_eligible"}, {"osType": "value", "name": "member_state_amount", "description": "Amount that is awarded from national funds", "type": "number", "conceptType": "value", "format": "default", "decimalChar": ".", "title": "Amount of national and regional funding", "slug": "member_state_amount"}, {"osType": "value", "name": "third_party_amount", "description": "The total amount that is additional to the action over third party funding", "type": "number", "conceptType": "value", "format": "default", "decimalChar": ".", "title": "Third party funding", "slug": "third_party_amount"}, {"osType": "value", "name": "eu_cofinancing_amount", "description": "The amount of co-financing from the EU", "type": "number", "conceptType": "value", "format": "default", "decimalChar": ".", "title": "EU co-financing", "slug": "eu_cofinancing_amount"}, {"osType": "value", "name": "european_investment_bank_amount", "description": "The amount of co-financing received from the European Investment Bank (EIB)", "type": "number", "conceptType": "value", "format": "default", "decimalChar": ".", "title": "European Investment Bank financing", "slug": "european_investment_bank_amount"}, {"conceptType": "unknown", "name": "beneficiary_url", "description": "URL of the beneficiary (or project)", "type": "string", "osType": "unknown:string", "format": "default", "title": "Beneficiary website", "slug": "beneficiary_url"}, {"conceptType": "unknown", "name": "project_description", "description": "A paragraph description of the project", "type": "string", "osType": "unknown:string", "format": "default", "title": "Project description", "slug": "project_description"}]}, "title": "Concatenated CSV data file for all years and all countries"}], "regionCode": "eu", "owner": "5df4a7b06a940c992d1c44525daff47b", "sources": [{"name": "Inforegio EU Regional Policy Portal", "web": "http://ec.europa.eu/regional_policy/en/"}, {"name": "EU ESIF Portal", "web": "https://www.fi-compass.eu/esif/european-structural-and-investment-funds-esif"}], "author": "Loic Jounot <loic@cyberpunk.bike>", "name": "eu-esif-funds-beneficiaries-200-2020", "@context": "http://schemas.frictionlessdata.io/fiscal-data-package.json", "contributors": ["Bela Seeger <bela.seeger@okfn.de>", "Anna Alberts <anna.alberts@okfn.de>"], "fiscalPeriod": {"start": "2000-01-01", "stop": "2020-12-31"}, "title": "European ESIF Funds Beneficiaries 2000-2020"}