{"contributors": ["Loic Jounot <loic@cyberpunk.bike> (http://cyberpunk.bike)"], "scraper_required": false, "language": "FR", "title": "France 2014-2020, beneficiaries of european ERDS, YEI and FSE subsidies", "name": "france_2014_2020_beneficiaries_of_european_erds_yei_and_fse_subsidies", "sources": [{"name": "Europe en France, le portail des Fonds europ\u00e9ens (portal)", "web": "http://www.europe-en-france.gouv.fr/"}, {"name": "B\u00e9n\u00e9ficiaires des fonds 2014-2020 (beneficiaries page)", "web": "http://www.europe-en-france.gouv.fr/Rendez-vous-compte/Beneficiaires-des-fonds-2014-2020"}, {"name": "Fonds europ\u00e9ens 2014-2020 (funds page)", "web": "http://www.europe-en-france.gouv.fr/L-Europe-s-engage/Fonds-europeens-2014-2020"}], "resources": [{"constant_fields": {"program_name": null, "offical_period": "2014-2020", "fund_name": null, "currency_code": "EUR"}, "title": "EXCEL file 2014-2020 for ERDS, YEI and FSE funds", "schema": {"fields": [{"name": "Programme", "maps_to": null, "translates_to": "program"}, {"name": "Intitul\u00e9 du projet  - operation name", "maps_to": "project_name", "translates_to": "operation name"}, {"name": "Nom du b\u00e9n\u00e9ficiaire - beneficiary name", "maps_to": "benficiary_name", "translates_to": "beneficiaryname"}, {"name": "Code postal du b\u00e9n\u00e9ficiaire", "maps_to": "beneficiary_address", "translates_to": "postal code of the beneficiary"}, {"name": "Date de d\u00e9but de l'op\u00e9ration - operation start date", "maps_to": "starting_date", "translates_to": "operation start date"}, {"name": "Date de fin de l'op\u00e9ration - operation end date", "maps_to": "completion_date", "translates_to": "operation end date"}, {"name": "Total d\u00e9penses \u00e9ligibles", "maps_to": "amount_expenditure_eligible", "translates_to": "Amount eligible for"}, {"name": "Montant UE programm\u00e9 - Union co-financing rate", "maps_to": "eu_cofinance_rate", "translates_to": "union co-financing rate"}, {"name": "Pays - Country", "maps_to": "coutry_code", "translates_to": "country"}, {"name": "Date de programmation", "maps_to": "not quite sure what the date refers to", "translates_to": "this is ambiguous"}, {"name": "Cat\u00e9gorie d'intervention - category of intervention", "maps_to": "program_name", "translates_to": "category of intervention"}, {"name": "Fonds", "maps_to": "fund_name", "translates_to": "fund"}]}, "publication_date": "01/07/2015", "type": [1, 2], "url": "http://cartobenef.asp-public.fr/cartobenef/liste_benef_excel.php?nivgeo=reg&codgeo=75&evenement=&order=&deb=&fi=&page=&typeFonds=&thematique=&bornMin=&bornMax=&anneeProg=&motClef="}]}