{"resources": [{"publication_date": "11/07/2016", "name": "excel-file-2014-2020-for-erds-yei-and-fse-funds", "path": "20160711_listeoperations_FEDER_FSE_14-20.xls", "schema": {"fields": [{"maps_to": "cci_program_code", "type": "string", "name": "Programme", "translates_to": "program"}, {"maps_to": "project_name", "type": "string", "name": "Intitul\u00e9 du projet  - operation name", "translates_to": "operation name"}, {"maps_to": "beneficiary_name", "type": "string", "name": "Nom du b\u00e9n\u00e9ficiaire - beneficiary name", "translates_to": "beneficiary name"}, {"maps_to": "beneficiary_postal_code", "type": "number", "name": "Code postal du b\u00e9n\u00e9ficiaire", "translates_to": "postal code of the beneficiary"}, {"maps_to": "starting_date", "type": "number", "name": "Date de d\u00e9but de l'op\u00e9ration - operation start date", "translates_to": "operation start date"}, {"maps_to": "completion_date", "type": "number", "name": "Date de fin de l'op\u00e9ration - operation end date", "translates_to": "operation end date"}, {"maps_to": "total_amount_eligible", "type": "number", "name": "Total d\u00e9penses \u00e9ligibles", "translates_to": "Amount eligible for"}, {"maps_to": "eu_cofinancing_amount", "type": "number", "name": "Montant UE programm\u00e9 - Union co-financing rate", "translates_to": "union co-financing rate"}, {"maps_to": "beneficiary_country_code", "type": "string", "name": "Pays - Country", "translates_to": "Beneficiary country code"}, {"maps_to": "approval_date", "type": "number", "name": "Date de programmation", "translates_to": "this is ambiguous"}, {"maps_to": "theme_code", "missingValue": "NR", "type": "string", "name": "Cat\u00e9gorie d'intervention - category of intervention", "translates_to": "category of intervention"}, {"maps_to": "fund_acronym", "type": "string", "name": "Fonds", "translates_to": "fund"}]}, "title": "EXCEL file 2014-2020 for ERDS, YEI and FSE funds"}], "language": "FR", "name": "france-2014-2020-beneficiaries-of-european-erds-yei-and-fse-subsidies", "sources": [{"web": "http://www.europe-en-france.gouv.fr/", "name": "Europe en France, le portail des Fonds europ\u00e9ens (portal)"}, {"web": "http://www.europe-en-france.gouv.fr/Rendez-vous-compte/Beneficiaires-des-fonds-2014-2020", "name": "B\u00e9n\u00e9ficiaires des fonds 2014-2020 (beneficiaries page)"}, {"web": "http://www.europe-en-france.gouv.fr/L-Europe-s-engage/Fonds-europeens-2014-2020", "name": "Fonds europ\u00e9ens 2014-2020 (funds page)"}], "contributors": ["Loic Jounot <loic@cyberpunk.bike> (http://cyberpunk.bike)"], "scraper_required": false, "title": "France 2014-2020, beneficiaries of european ERDS, YEI and FSE subsidies"}