{"contributors": ["Loic Jounot <loic@cyberpunk.bike> (http://cyberpunk.bike)"], "resources": [{"path": "20160711_listeoperations_FEDER_FSE_14-20.xls", "title": "EXCEL file 2014-2020 for ERDS, YEI and FSE funds", "constant_fields": {"currency_code": "EUR", "program_name": null, "offical_period": "2014-2020", "fund_name": null}, "schema": {"fields": [{"type": "string", "translates_to": "program", "maps_to": null, "name": "Programme"}, {"type": "string", "translates_to": "operation name", "maps_to": "project_name", "name": "Intitul\u00e9 du projet  - operation name"}, {"type": "string", "translates_to": "beneficiaryname", "maps_to": "benficiary_name", "name": "Nom du b\u00e9n\u00e9ficiaire - beneficiary name"}, {"type": "number", "translates_to": "postal code of the beneficiary", "maps_to": "beneficiary_address", "name": "Code postal du b\u00e9n\u00e9ficiaire"}, {"type": "number", "translates_to": "operation start date", "maps_to": "starting_date", "name": "Date de d\u00e9but de l'op\u00e9ration - operation start date"}, {"type": "number", "translates_to": "operation end date", "maps_to": "completion_date", "name": "Date de fin de l'op\u00e9ration - operation end date"}, {"type": "number", "translates_to": "Amount eligible for", "maps_to": "amount_expenditure_eligible", "name": "Total d\u00e9penses \u00e9ligibles"}, {"type": "number", "translates_to": "union co-financing rate", "maps_to": "eu_cofinance_rate", "name": "Montant UE programm\u00e9 - Union co-financing rate"}, {"type": "string", "translates_to": "country", "maps_to": "coutry_code", "name": "Pays - Country"}, {"type": "number", "translates_to": "this is ambiguous", "maps_to": "not quite sure what the date refers to", "name": "Date de programmation"}, {"type": "string", "translates_to": "category of intervention", "maps_to": "program_name", "name": "Cat\u00e9gorie d'intervention - category of intervention"}, {"type": "string", "translates_to": "fund", "maps_to": "fund_name", "name": "Fonds"}]}, "publication_date": "11/07/2016"}], "name": "france_2014_2020_beneficiaries_of_european_erds_yei_and_fse_subsidies", "scraper_required": false, "title": "France 2014-2020, beneficiaries of european ERDS, YEI and FSE subsidies", "sources": [{"web": "http://www.europe-en-france.gouv.fr/", "name": "Europe en France, le portail des Fonds europ\u00e9ens (portal)"}, {"web": "http://www.europe-en-france.gouv.fr/Rendez-vous-compte/Beneficiaires-des-fonds-2014-2020", "name": "B\u00e9n\u00e9ficiaires des fonds 2014-2020 (beneficiaries page)"}, {"web": "http://www.europe-en-france.gouv.fr/L-Europe-s-engage/Fonds-europeens-2014-2020", "name": "Fonds europ\u00e9ens 2014-2020 (funds page)"}], "language": "FR"}