{"scraper_required": false, "language": "FR", "sources": [{"name": "Europe en France, le portail des Fonds europ\u00e9ens (portal)", "web": "http://www.europe-en-france.gouv.fr/"}, {"name": "B\u00e9n\u00e9ficiaires des fonds 2014-2020 (beneficiaries page)", "web": "http://www.europe-en-france.gouv.fr/Rendez-vous-compte/Beneficiaires-des-fonds-2014-2020"}, {"name": "Fonds europ\u00e9ens 2014-2020 (funds page)", "web": "http://www.europe-en-france.gouv.fr/L-Europe-s-engage/Fonds-europeens-2014-2020"}], "contributors": ["Loic Jounot <loic@cyberpunk.bike> (http://cyberpunk.bike)"], "name": "france_2014_2020_beneficiaries_of_european_erds_yei_and_fse_subsidies", "title": "France 2014-2020, beneficiaries of european ERDS, YEI and FSE subsidies", "resources": [{"path": "20160711_listeoperations_FEDER_FSE_14-20.xls", "schema": {"fields": [{"type": "string", "name": "Programme", "maps_to": null, "translates_to": "program"}, {"type": "string", "name": "Intitul\u00e9 du projet  - operation name", "maps_to": "project_name", "translates_to": "operation name"}, {"type": "string", "name": "Nom du b\u00e9n\u00e9ficiaire - beneficiary name", "maps_to": "benficiary_name", "translates_to": "beneficiaryname"}, {"type": "number", "name": "Code postal du b\u00e9n\u00e9ficiaire", "maps_to": "beneficiary_address", "translates_to": "postal code of the beneficiary"}, {"type": "number", "name": "Date de d\u00e9but de l'op\u00e9ration - operation start date", "maps_to": "starting_date", "translates_to": "operation start date"}, {"type": "number", "name": "Date de fin de l'op\u00e9ration - operation end date", "maps_to": "completion_date", "translates_to": "operation end date"}, {"type": "number", "name": "Total d\u00e9penses \u00e9ligibles", "maps_to": "amount_expenditure_eligible", "translates_to": "Amount eligible for"}, {"type": "number", "name": "Montant UE programm\u00e9 - Union co-financing rate", "maps_to": "eu_cofinance_rate", "translates_to": "union co-financing rate"}, {"type": "string", "name": "Pays - Country", "maps_to": "coutry_code", "translates_to": "country"}, {"type": "number", "name": "Date de programmation", "maps_to": "not quite sure what the date refers to", "translates_to": "this is ambiguous"}, {"type": "string", "name": "Cat\u00e9gorie d'intervention - category of intervention", "maps_to": "program_name", "translates_to": "category of intervention"}, {"type": "string", "name": "Fonds", "maps_to": "fund_name", "translates_to": "fund"}]}, "publication_date": "11/07/2016", "name": "excel-file-2014-2020-for-erds-yei-and-fse-funds", "title": "EXCEL file 2014-2020 for ERDS, YEI and FSE funds", "constant_fields": {"program_name": null, "fund_name": null, "currency_code": "EUR", "offical_period": "2014-2020"}}]}